year,figure_idx,age_band,age_mid,above_today,col,row,median_age
1970,0,0-4,2.5,0,0,0,16.3
1970,1,0-4,2.5,0,1,0,16.3
1970,2,0-4,2.5,0,2,0,16.3
1970,3,0-4,2.5,0,3,0,16.3
1970,4,0-4,2.5,0,4,0,16.3
1970,5,0-4,2.5,0,5,0,16.3
1970,6,0-4,2.5,0,6,0,16.3
1970,7,0-4,2.5,0,7,0,16.3
1970,8,0-4,2.5,0,8,0,16.3
1970,9,0-4,2.5,0,9,0,16.3
1970,10,0-4,2.5,0,0,1,16.3
1970,11,0-4,2.5,0,1,1,16.3
1970,12,0-4,2.5,0,2,1,16.3
1970,13,0-4,2.5,0,3,1,16.3
1970,14,0-4,2.5,0,4,1,16.3
1970,15,0-4,2.5,0,5,1,16.3
1970,16,5-9,7.5,0,6,1,16.3
1970,17,5-9,7.5,0,7,1,16.3
1970,18,5-9,7.5,0,8,1,16.3
1970,19,5-9,7.5,0,9,1,16.3
1970,20,5-9,7.5,0,0,2,16.3
1970,21,5-9,7.5,0,1,2,16.3
1970,22,5-9,7.5,0,2,2,16.3
1970,23,5-9,7.5,0,3,2,16.3
1970,24,5-9,7.5,0,4,2,16.3
1970,25,5-9,7.5,0,5,2,16.3
1970,26,5-9,7.5,0,6,2,16.3
1970,27,5-9,7.5,0,7,2,16.3
1970,28,5-9,7.5,0,8,2,16.3
1970,29,5-9,7.5,0,9,2,16.3
1970,30,5-9,7.5,0,0,3,16.3
1970,31,5-9,7.5,0,1,3,16.3
1970,32,10-14,12.5,0,2,3,16.3
1970,33,10-14,12.5,0,3,3,16.3
1970,34,10-14,12.5,0,4,3,16.3
1970,35,10-14,12.5,0,5,3,16.3
1970,36,10-14,12.5,0,6,3,16.3
1970,37,10-14,12.5,0,7,3,16.3
1970,38,10-14,12.5,0,8,3,16.3
1970,39,10-14,12.5,0,9,3,16.3
1970,40,10-14,12.5,0,0,4,16.3
1970,41,10-14,12.5,0,1,4,16.3
1970,42,10-14,12.5,0,2,4,16.3
1970,43,10-14,12.5,0,3,4,16.3
1970,44,10-14,12.5,0,4,4,16.3
1970,45,15-19,17.5,0,5,4,16.3
1970,46,15-19,17.5,0,6,4,16.3
1970,47,15-19,17.5,0,7,4,16.3
1970,48,15-19,17.5,0,8,4,16.3
1970,49,15-19,17.5,0,9,4,16.3
1970,50,15-19,17.5,0,0,5,16.3
1970,51,15-19,17.5,0,1,5,16.3
1970,52,15-19,17.5,0,2,5,16.3
1970,53,15-19,17.5,0,3,5,16.3
1970,54,15-19,17.5,0,4,5,16.3
1970,55,15-19,17.5,0,5,5,16.3
1970,56,20-24,22.5,0,6,5,16.3
1970,57,20-24,22.5,0,7,5,16.3
1970,58,20-24,22.5,0,8,5,16.3
1970,59,20-24,22.5,0,9,5,16.3
1970,60,20-24,22.5,0,0,6,16.3
1970,61,20-24,22.5,0,1,6,16.3
1970,62,20-24,22.5,0,2,6,16.3
1970,63,20-24,22.5,0,3,6,16.3
1970,64,25-29,27.5,0,4,6,16.3
1970,65,25-29,27.5,0,5,6,16.3
1970,66,25-29,27.5,0,6,6,16.3
1970,67,25-29,27.5,0,7,6,16.3
1970,68,25-29,27.5,0,8,6,16.3
1970,69,25-29,27.5,0,9,6,16.3
1970,70,30-34,32.5,1,0,7,16.3
1970,71,30-34,32.5,1,1,7,16.3
1970,72,30-34,32.5,1,2,7,16.3
1970,73,30-34,32.5,1,3,7,16.3
1970,74,30-34,32.5,1,4,7,16.3
1970,75,30-34,32.5,1,5,7,16.3
1970,76,35-39,37.5,1,6,7,16.3
1970,77,35-39,37.5,1,7,7,16.3
1970,78,35-39,37.5,1,8,7,16.3
1970,79,35-39,37.5,1,9,7,16.3
1970,80,35-39,37.5,1,0,8,16.3
1970,81,40-44,42.5,1,1,8,16.3
1970,82,40-44,42.5,1,2,8,16.3
1970,83,40-44,42.5,1,3,8,16.3
1970,84,40-44,42.5,1,4,8,16.3
1970,85,45-49,47.5,1,5,8,16.3
1970,86,45-49,47.5,1,6,8,16.3
1970,87,45-49,47.5,1,7,8,16.3
1970,88,45-49,47.5,1,8,8,16.3
1970,89,50-54,52.5,1,9,8,16.3
1970,90,50-54,52.5,1,0,9,16.3
1970,91,50-54,52.5,1,1,9,16.3
1970,92,55-59,57.5,1,2,9,16.3
1970,93,55-59,57.5,1,3,9,16.3
1970,94,55-59,57.5,1,4,9,16.3
1970,95,60-64,62.5,1,5,9,16.3
1970,96,60-64,62.5,1,6,9,16.3
1970,97,65-69,67.5,1,7,9,16.3
1970,98,70+,75.0,1,8,9,16.3
1970,99,70+,75.0,1,9,9,16.3
2024,0,0-4,2.5,0,0,0,30.5
2024,1,0-4,2.5,0,1,0,30.5
2024,2,0-4,2.5,0,2,0,30.5
2024,3,0-4,2.5,0,3,0,30.5
2024,4,0-4,2.5,0,4,0,30.5
2024,5,0-4,2.5,0,5,0,30.5
2024,6,0-4,2.5,0,6,0,30.5
2024,7,5-9,7.5,0,7,0,30.5
2024,8,5-9,7.5,0,8,0,30.5
2024,9,5-9,7.5,0,9,0,30.5
2024,10,5-9,7.5,0,0,1,30.5
2024,11,5-9,7.5,0,1,1,30.5
2024,12,5-9,7.5,0,2,1,30.5
2024,13,5-9,7.5,0,3,1,30.5
2024,14,10-14,12.5,0,4,1,30.5
2024,15,10-14,12.5,0,5,1,30.5
2024,16,10-14,12.5,0,6,1,30.5
2024,17,10-14,12.5,0,7,1,30.5
2024,18,10-14,12.5,0,8,1,30.5
2024,19,10-14,12.5,0,9,1,30.5
2024,20,10-14,12.5,0,0,2,30.5
2024,21,10-14,12.5,0,1,2,30.5
2024,22,15-19,17.5,0,2,2,30.5
2024,23,15-19,17.5,0,3,2,30.5
2024,24,15-19,17.5,0,4,2,30.5
2024,25,15-19,17.5,0,5,2,30.5
2024,26,15-19,17.5,0,6,2,30.5
2024,27,15-19,17.5,0,7,2,30.5
2024,28,15-19,17.5,0,8,2,30.5
2024,29,15-19,17.5,0,9,2,30.5
2024,30,20-24,22.5,0,0,3,30.5
2024,31,20-24,22.5,0,1,3,30.5
2024,32,20-24,22.5,0,2,3,30.5
2024,33,20-24,22.5,0,3,3,30.5
2024,34,20-24,22.5,0,4,3,30.5
2024,35,20-24,22.5,0,5,3,30.5
2024,36,20-24,22.5,0,6,3,30.5
2024,37,20-24,22.5,0,7,3,30.5
2024,38,20-24,22.5,0,8,3,30.5
2024,39,25-29,27.5,0,9,3,30.5
2024,40,25-29,27.5,0,0,4,30.5
2024,41,25-29,27.5,0,1,4,30.5
2024,42,25-29,27.5,0,2,4,30.5
2024,43,25-29,27.5,0,3,4,30.5
2024,44,25-29,27.5,0,4,4,30.5
2024,45,25-29,27.5,0,5,4,30.5
2024,46,25-29,27.5,0,6,4,30.5
2024,47,25-29,27.5,0,7,4,30.5
2024,48,30-34,32.5,1,8,4,30.5
2024,49,30-34,32.5,1,9,4,30.5
2024,50,30-34,32.5,1,0,5,30.5
2024,51,30-34,32.5,1,1,5,30.5
2024,52,30-34,32.5,1,2,5,30.5
2024,53,30-34,32.5,1,3,5,30.5
2024,54,30-34,32.5,1,4,5,30.5
2024,55,30-34,32.5,1,5,5,30.5
2024,56,30-34,32.5,1,6,5,30.5
2024,57,35-39,37.5,1,7,5,30.5
2024,58,35-39,37.5,1,8,5,30.5
2024,59,35-39,37.5,1,9,5,30.5
2024,60,35-39,37.5,1,0,6,30.5
2024,61,35-39,37.5,1,1,6,30.5
2024,62,35-39,37.5,1,2,6,30.5
2024,63,35-39,37.5,1,3,6,30.5
2024,64,35-39,37.5,1,4,6,30.5
2024,65,40-44,42.5,1,5,6,30.5
2024,66,40-44,42.5,1,6,6,30.5
2024,67,40-44,42.5,1,7,6,30.5
2024,68,40-44,42.5,1,8,6,30.5
2024,69,40-44,42.5,1,9,6,30.5
2024,70,40-44,42.5,1,0,7,30.5
2024,71,40-44,42.5,1,1,7,30.5
2024,72,40-44,42.5,1,2,7,30.5
2024,73,45-49,47.5,1,3,7,30.5
2024,74,45-49,47.5,1,4,7,30.5
2024,75,45-49,47.5,1,5,7,30.5
2024,76,45-49,47.5,1,6,7,30.5
2024,77,45-49,47.5,1,7,7,30.5
2024,78,45-49,47.5,1,8,7,30.5
2024,79,50-54,52.5,1,9,7,30.5
2024,80,50-54,52.5,1,0,8,30.5
2024,81,50-54,52.5,1,1,8,30.5
2024,82,50-54,52.5,1,2,8,30.5
2024,83,50-54,52.5,1,3,8,30.5
2024,84,55-59,57.5,1,4,8,30.5
2024,85,55-59,57.5,1,5,8,30.5
2024,86,55-59,57.5,1,6,8,30.5
2024,87,55-59,57.5,1,7,8,30.5
2024,88,60-64,62.5,1,8,8,30.5
2024,89,60-64,62.5,1,9,8,30.5
2024,90,60-64,62.5,1,0,9,30.5
2024,91,60-64,62.5,1,1,9,30.5
2024,92,65-69,67.5,1,2,9,30.5
2024,93,65-69,67.5,1,3,9,30.5
2024,94,65-69,67.5,1,4,9,30.5
2024,95,70+,75.0,1,5,9,30.5
2024,96,70+,75.0,1,6,9,30.5
2024,97,70+,75.0,1,7,9,30.5
2024,98,70+,75.0,1,8,9,30.5
2024,99,70+,75.0,1,9,9,30.5
2040,0,0-4,2.5,0,0,0,36.8
2040,1,0-4,2.5,0,1,0,36.8
2040,2,0-4,2.5,0,2,0,36.8
2040,3,0-4,2.5,0,3,0,36.8
2040,4,0-4,2.5,0,4,0,36.8
2040,5,0-4,2.5,0,5,0,36.8
2040,6,5-9,7.5,0,6,0,36.8
2040,7,5-9,7.5,0,7,0,36.8
2040,8,5-9,7.5,0,8,0,36.8
2040,9,5-9,7.5,0,9,0,36.8
2040,10,5-9,7.5,0,0,1,36.8
2040,11,5-9,7.5,0,1,1,36.8
2040,12,10-14,12.5,0,2,1,36.8
2040,13,10-14,12.5,0,3,1,36.8
2040,14,10-14,12.5,0,4,1,36.8
2040,15,10-14,12.5,0,5,1,36.8
2040,16,10-14,12.5,0,6,1,36.8
2040,17,10-14,12.5,0,7,1,36.8
2040,18,15-19,17.5,0,8,1,36.8
2040,19,15-19,17.5,0,9,1,36.8
2040,20,15-19,17.5,0,0,2,36.8
2040,21,15-19,17.5,0,1,2,36.8
2040,22,15-19,17.5,0,2,2,36.8
2040,23,15-19,17.5,0,3,2,36.8
2040,24,15-19,17.5,0,4,2,36.8
2040,25,20-24,22.5,0,5,2,36.8
2040,26,20-24,22.5,0,6,2,36.8
2040,27,20-24,22.5,0,7,2,36.8
2040,28,20-24,22.5,0,8,2,36.8
2040,29,20-24,22.5,0,9,2,36.8
2040,30,20-24,22.5,0,0,3,36.8
2040,31,20-24,22.5,0,1,3,36.8
2040,32,25-29,27.5,0,2,3,36.8
2040,33,25-29,27.5,0,3,3,36.8
2040,34,25-29,27.5,0,4,3,36.8
2040,35,25-29,27.5,0,5,3,36.8
2040,36,25-29,27.5,0,6,3,36.8
2040,37,25-29,27.5,0,7,3,36.8
2040,38,25-29,27.5,0,8,3,36.8
2040,39,30-34,32.5,1,9,3,36.8
2040,40,30-34,32.5,1,0,4,36.8
2040,41,30-34,32.5,1,1,4,36.8
2040,42,30-34,32.5,1,2,4,36.8
2040,43,30-34,32.5,1,3,4,36.8
2040,44,30-34,32.5,1,4,4,36.8
2040,45,30-34,32.5,1,5,4,36.8
2040,46,35-39,37.5,1,6,4,36.8
2040,47,35-39,37.5,1,7,4,36.8
2040,48,35-39,37.5,1,8,4,36.8
2040,49,35-39,37.5,1,9,4,36.8
2040,50,35-39,37.5,1,0,5,36.8
2040,51,35-39,37.5,1,1,5,36.8
2040,52,35-39,37.5,1,2,5,36.8
2040,53,40-44,42.5,1,3,5,36.8
2040,54,40-44,42.5,1,4,5,36.8
2040,55,40-44,42.5,1,5,5,36.8
2040,56,40-44,42.5,1,6,5,36.8
2040,57,40-44,42.5,1,7,5,36.8
2040,58,40-44,42.5,1,8,5,36.8
2040,59,40-44,42.5,1,9,5,36.8
2040,60,45-49,47.5,1,0,6,36.8
2040,61,45-49,47.5,1,1,6,36.8
2040,62,45-49,47.5,1,2,6,36.8
2040,63,45-49,47.5,1,3,6,36.8
2040,64,45-49,47.5,1,4,6,36.8
2040,65,45-49,47.5,1,5,6,36.8
2040,66,45-49,47.5,1,6,6,36.8
2040,67,50-54,52.5,1,7,6,36.8
2040,68,50-54,52.5,1,8,6,36.8
2040,69,50-54,52.5,1,9,6,36.8
2040,70,50-54,52.5,1,0,7,36.8
2040,71,50-54,52.5,1,1,7,36.8
2040,72,50-54,52.5,1,2,7,36.8
2040,73,50-54,52.5,1,3,7,36.8
2040,74,55-59,57.5,1,4,7,36.8
2040,75,55-59,57.5,1,5,7,36.8
2040,76,55-59,57.5,1,6,7,36.8
2040,77,55-59,57.5,1,7,7,36.8
2040,78,55-59,57.5,1,8,7,36.8
2040,79,55-59,57.5,1,9,7,36.8
2040,80,55-59,57.5,1,0,8,36.8
2040,81,60-64,62.5,1,1,8,36.8
2040,82,60-64,62.5,1,2,8,36.8
2040,83,60-64,62.5,1,3,8,36.8
2040,84,60-64,62.5,1,4,8,36.8
2040,85,60-64,62.5,1,5,8,36.8
2040,86,60-64,62.5,1,6,8,36.8
2040,87,60-64,62.5,1,7,8,36.8
2040,88,65-69,67.5,1,8,8,36.8
2040,89,65-69,67.5,1,9,8,36.8
2040,90,65-69,67.5,1,0,9,36.8
2040,91,65-69,67.5,1,1,9,36.8
2040,92,65-69,67.5,1,2,9,36.8
2040,93,70+,75.0,1,3,9,36.8
2040,94,70+,75.0,1,4,9,36.8
2040,95,70+,75.0,1,5,9,36.8
2040,96,70+,75.0,1,6,9,36.8
2040,97,70+,75.0,1,7,9,36.8
2040,98,70+,75.0,1,8,9,36.8
2040,99,70+,75.0,1,9,9,36.8
